-- Generated from src/data/atelier.js
begin;
insert into public.products (id, slug, name, line, description, price_cents, edition, edition_max, badge, status, species, category, vibe, material, drop_number, sort_order, is_featured, primary_image_path, hover_image_path, primary_image_alt, hover_image_alt) values ('00000000-0000-4000-8000-000000000001', 'midnight-puffer', 'Midnight Pup Puffer', 'Walks like they own the block.', 'A water-resistant down puffer cut from recycled nylon with a brushed bone lining. Hidden magnetic snaps along the chest. The leash loop sits flat between the shoulders so the harness never tugs the collar.', 6400, '012 / 120', 120, 'Drop 001', 'live', 'dog', 'Outerwear', 'paparazzi', 'Recycled nylon · brushed bone lining', 1, 0, true, 'https://images.unsplash.com/photo-1593620659530-7f98c53de278?w=1200&q=80&auto=format&fit=crop', 'https://images.unsplash.com/photo-1606391276068-d82696ac76bc?w=1200&q=80&auto=format&fit=crop', 'Midnight Pup Puffer', '') on conflict (slug) do nothing;
insert into public.product_size_stock (product_id, size, stock_status) values ('00000000-0000-4000-8000-000000000001', 'XS', 'in') on conflict (product_id, size) do nothing;
insert into public.product_size_stock (product_id, size, stock_status) values ('00000000-0000-4000-8000-000000000001', 'S', 'in') on conflict (product_id, size) do nothing;
insert into public.product_size_stock (product_id, size, stock_status) values ('00000000-0000-4000-8000-000000000001', 'M', 'low') on conflict (product_id, size) do nothing;
insert into public.product_size_stock (product_id, size, stock_status) values ('00000000-0000-4000-8000-000000000001', 'L', 'in') on conflict (product_id, size) do nothing;
insert into public.product_size_stock (product_id, size, stock_status) values ('00000000-0000-4000-8000-000000000001', 'XL', 'sold') on conflict (product_id, size) do nothing;
insert into public.product_colorways (product_id, colorway_id) values ('00000000-0000-4000-8000-000000000001', 'ink') on conflict (product_id, colorway_id) do nothing;
insert into public.product_colorways (product_id, colorway_id) values ('00000000-0000-4000-8000-000000000001', 'rust') on conflict (product_id, colorway_id) do nothing;
insert into public.product_colorways (product_id, colorway_id) values ('00000000-0000-4000-8000-000000000001', 'oat') on conflict (product_id, colorway_id) do nothing;
insert into public.products (id, slug, name, line, description, price_cents, edition, edition_max, badge, status, species, category, vibe, material, drop_number, sort_order, is_featured, primary_image_path, hover_image_path, primary_image_alt, hover_image_alt) values ('00000000-0000-4000-8000-000000000002', 'velvet-letterman', 'Velvet Letterman', 'Camera-ready. Light as a held breath.', 'A camera-flash favourite. Crushed cotton-velvet shell with a chenille letter patch and grosgrain piping at the cuffs. Cut close at the chest, loose through the shoulder — built for studio flash, not stiff posing.', 5800, '034 / 080', 80, 'Limited', 'live', 'dog', 'Outerwear', 'courtside', 'Cotton velvet · chenille patch', 1, 1, true, 'https://images.unsplash.com/photo-1685967039085-e9aa5b7043a1?w=1200&q=80&auto=format&fit=crop', 'https://images.unsplash.com/photo-1622964430125-f21a872b4586?w=1200&q=80&auto=format&fit=crop', 'Velvet Letterman', '') on conflict (slug) do nothing;
insert into public.product_size_stock (product_id, size, stock_status) values ('00000000-0000-4000-8000-000000000002', 'XXS', 'low') on conflict (product_id, size) do nothing;
insert into public.product_size_stock (product_id, size, stock_status) values ('00000000-0000-4000-8000-000000000002', 'XS', 'in') on conflict (product_id, size) do nothing;
insert into public.product_size_stock (product_id, size, stock_status) values ('00000000-0000-4000-8000-000000000002', 'S', 'in') on conflict (product_id, size) do nothing;
insert into public.product_size_stock (product_id, size, stock_status) values ('00000000-0000-4000-8000-000000000002', 'M', 'in') on conflict (product_id, size) do nothing;
insert into public.product_size_stock (product_id, size, stock_status) values ('00000000-0000-4000-8000-000000000002', 'L', 'low') on conflict (product_id, size) do nothing;
insert into public.product_colorways (product_id, colorway_id) values ('00000000-0000-4000-8000-000000000002', 'cognac') on conflict (product_id, colorway_id) do nothing;
insert into public.product_colorways (product_id, colorway_id) values ('00000000-0000-4000-8000-000000000002', 'ink') on conflict (product_id, colorway_id) do nothing;
insert into public.product_colorways (product_id, colorway_id) values ('00000000-0000-4000-8000-000000000002', 'caramel') on conflict (product_id, colorway_id) do nothing;
insert into public.products (id, slug, name, line, description, price_cents, edition, edition_max, badge, status, species, category, vibe, material, drop_number, sort_order, is_featured, primary_image_path, hover_image_path, primary_image_alt, hover_image_alt) values ('00000000-0000-4000-8000-000000000003', 'brownstone-vest', 'Brownstone Vest', 'Quiet flex. Loud silhouette.', 'A quilted nylon vest with a wax-cotton trim, finished in our signature aged-gold hardware. Snap-front closure, side stretch panels for sniffing, scratching, and the occasional bench leap.', 4800, '067 / 200', 200, 'Restock', 'live', 'dog', 'Vests', 'mogul', 'Quilted nylon · waxed cotton trim', 1, 2, true, 'https://images.unsplash.com/photo-1597671455179-b2064449599f?w=1200&q=80&auto=format&fit=crop', 'https://images.unsplash.com/photo-1701444850421-375182cebef3?w=1200&q=80&auto=format&fit=crop', 'Brownstone Vest', '') on conflict (slug) do nothing;
insert into public.product_size_stock (product_id, size, stock_status) values ('00000000-0000-4000-8000-000000000003', 'XS', 'in') on conflict (product_id, size) do nothing;
insert into public.product_size_stock (product_id, size, stock_status) values ('00000000-0000-4000-8000-000000000003', 'S', 'in') on conflict (product_id, size) do nothing;
insert into public.product_size_stock (product_id, size, stock_status) values ('00000000-0000-4000-8000-000000000003', 'M', 'in') on conflict (product_id, size) do nothing;
insert into public.product_size_stock (product_id, size, stock_status) values ('00000000-0000-4000-8000-000000000003', 'L', 'in') on conflict (product_id, size) do nothing;
insert into public.product_size_stock (product_id, size, stock_status) values ('00000000-0000-4000-8000-000000000003', 'XL', 'in') on conflict (product_id, size) do nothing;
insert into public.product_colorways (product_id, colorway_id) values ('00000000-0000-4000-8000-000000000003', 'caramel') on conflict (product_id, colorway_id) do nothing;
insert into public.product_colorways (product_id, colorway_id) values ('00000000-0000-4000-8000-000000000003', 'cognac') on conflict (product_id, colorway_id) do nothing;
insert into public.product_colorways (product_id, colorway_id) values ('00000000-0000-4000-8000-000000000003', 'ivy') on conflict (product_id, colorway_id) do nothing;
insert into public.product_colorways (product_id, colorway_id) values ('00000000-0000-4000-8000-000000000003', 'ink') on conflict (product_id, colorway_id) do nothing;
insert into public.products (id, slug, name, line, description, price_cents, edition, edition_max, badge, status, species, category, vibe, material, drop_number, sort_order, is_featured, primary_image_path, hover_image_path, primary_image_alt, hover_image_alt) values ('00000000-0000-4000-8000-000000000004', 'mini-mogul', 'Mini Mogul Tracksuit', 'Matching set. Boardroom approved.', 'A matched pinstripe set — jacket and pant. Cotton-blend ponté with bone-coloured silk lining. Snap closures, hidden poop-bag pocket, and an internal leash port so the silhouette stays clean from every angle.', 7200, '004 / 060', 60, 'New', 'live', 'dog', 'Sets', 'mogul', 'Cotton ponté · silk lining', 1, 3, true, 'https://images.unsplash.com/photo-1659122436387-054df5bcf5e4?w=1200&q=80&auto=format&fit=crop', 'https://images.unsplash.com/photo-1594653283108-953a4f93400e?w=1200&q=80&auto=format&fit=crop', 'Mini Mogul Tracksuit', '') on conflict (slug) do nothing;
insert into public.product_size_stock (product_id, size, stock_status) values ('00000000-0000-4000-8000-000000000004', 'XS', 'in') on conflict (product_id, size) do nothing;
insert into public.product_size_stock (product_id, size, stock_status) values ('00000000-0000-4000-8000-000000000004', 'S', 'low') on conflict (product_id, size) do nothing;
insert into public.product_size_stock (product_id, size, stock_status) values ('00000000-0000-4000-8000-000000000004', 'M', 'in') on conflict (product_id, size) do nothing;
insert into public.product_size_stock (product_id, size, stock_status) values ('00000000-0000-4000-8000-000000000004', 'L', 'sold') on conflict (product_id, size) do nothing;
insert into public.product_colorways (product_id, colorway_id) values ('00000000-0000-4000-8000-000000000004', 'ink') on conflict (product_id, colorway_id) do nothing;
insert into public.product_colorways (product_id, colorway_id) values ('00000000-0000-4000-8000-000000000004', 'cognac') on conflict (product_id, colorway_id) do nothing;
insert into public.product_colorways (product_id, colorway_id) values ('00000000-0000-4000-8000-000000000004', 'pearl') on conflict (product_id, colorway_id) do nothing;
insert into public.products (id, slug, name, line, description, price_cents, edition, edition_max, badge, status, species, category, vibe, material, drop_number, sort_order, is_featured, primary_image_path, hover_image_path, primary_image_alt, hover_image_alt) values ('00000000-0000-4000-8000-000000000005', 'soft-life-knit', 'Soft Life Knit', 'For the perpetually held.', 'A cashmere-blend cable knit with a roll neck and rolled cuffs. The yarn is sourced from a heritage Italian mill; the fit is loose enough for a long nap, snug enough for an afternoon walk.', 8800, '019 / 100', 100, 'Drop 001', 'live', 'both', 'Knitwear', 'softlife', 'Italian cashmere blend (60/30/10)', 1, 4, false, 'https://images.unsplash.com/photo-1724367236214-e4f50691c27c?w=1200&q=80&auto=format&fit=crop', 'https://images.unsplash.com/photo-1583160247711-2191776b4b91?w=1200&q=80&auto=format&fit=crop', 'Soft Life Knit', '') on conflict (slug) do nothing;
insert into public.product_size_stock (product_id, size, stock_status) values ('00000000-0000-4000-8000-000000000005', 'XXS', 'in') on conflict (product_id, size) do nothing;
insert into public.product_size_stock (product_id, size, stock_status) values ('00000000-0000-4000-8000-000000000005', 'XS', 'in') on conflict (product_id, size) do nothing;
insert into public.product_size_stock (product_id, size, stock_status) values ('00000000-0000-4000-8000-000000000005', 'S', 'in') on conflict (product_id, size) do nothing;
insert into public.product_size_stock (product_id, size, stock_status) values ('00000000-0000-4000-8000-000000000005', 'M', 'low') on conflict (product_id, size) do nothing;
insert into public.product_size_stock (product_id, size, stock_status) values ('00000000-0000-4000-8000-000000000005', 'L', 'in') on conflict (product_id, size) do nothing;
insert into public.product_colorways (product_id, colorway_id) values ('00000000-0000-4000-8000-000000000005', 'pearl') on conflict (product_id, colorway_id) do nothing;
insert into public.product_colorways (product_id, colorway_id) values ('00000000-0000-4000-8000-000000000005', 'bone') on conflict (product_id, colorway_id) do nothing;
insert into public.product_colorways (product_id, colorway_id) values ('00000000-0000-4000-8000-000000000005', 'blush') on conflict (product_id, colorway_id) do nothing;
insert into public.product_colorways (product_id, colorway_id) values ('00000000-0000-4000-8000-000000000005', 'caramel') on conflict (product_id, colorway_id) do nothing;
insert into public.products (id, slug, name, line, description, price_cents, edition, edition_max, badge, status, species, category, vibe, material, drop_number, sort_order, is_featured, primary_image_path, hover_image_path, primary_image_alt, hover_image_alt) values ('00000000-0000-4000-8000-000000000006', 'boombox-anorak', 'Boombox Anorak', 'Block-coded. Built for noise.', 'A 90s colour-block anorak with reflective taping along the back. Three-panel construction, oversized hood, magnetic kangaroo pocket. Reads loud at golden hour, quiet at the studio.', 7600, '022 / 150', 150, 'Drop 001', 'live', 'dog', 'Outerwear', 'boombox', 'Reflective ripstop · jersey lining', 1, 5, false, 'https://images.unsplash.com/photo-1583511655826-05700d52f4d9?w=1200&q=80&auto=format&fit=crop', 'https://images.unsplash.com/photo-1583337130417-3346a1be7dee?w=1200&q=80&auto=format&fit=crop', 'Boombox Anorak', '') on conflict (slug) do nothing;
insert into public.product_size_stock (product_id, size, stock_status) values ('00000000-0000-4000-8000-000000000006', 'XS', 'sold') on conflict (product_id, size) do nothing;
insert into public.product_size_stock (product_id, size, stock_status) values ('00000000-0000-4000-8000-000000000006', 'S', 'in') on conflict (product_id, size) do nothing;
insert into public.product_size_stock (product_id, size, stock_status) values ('00000000-0000-4000-8000-000000000006', 'M', 'in') on conflict (product_id, size) do nothing;
insert into public.product_size_stock (product_id, size, stock_status) values ('00000000-0000-4000-8000-000000000006', 'L', 'in') on conflict (product_id, size) do nothing;
insert into public.product_size_stock (product_id, size, stock_status) values ('00000000-0000-4000-8000-000000000006', 'XL', 'low') on conflict (product_id, size) do nothing;
insert into public.product_colorways (product_id, colorway_id) values ('00000000-0000-4000-8000-000000000006', 'ember') on conflict (product_id, colorway_id) do nothing;
insert into public.product_colorways (product_id, colorway_id) values ('00000000-0000-4000-8000-000000000006', 'bone') on conflict (product_id, colorway_id) do nothing;
insert into public.product_colorways (product_id, colorway_id) values ('00000000-0000-4000-8000-000000000006', 'ivy') on conflict (product_id, colorway_id) do nothing;
insert into public.product_colorways (product_id, colorway_id) values ('00000000-0000-4000-8000-000000000006', 'terracotta') on conflict (product_id, colorway_id) do nothing;
insert into public.products (id, slug, name, line, description, price_cents, edition, edition_max, badge, status, species, category, vibe, material, drop_number, sort_order, is_featured, primary_image_path, hover_image_path, primary_image_alt, hover_image_alt) values ('00000000-0000-4000-8000-000000000007', 'cottage-quilt', 'Cottage Heir Quilt', 'Country house. City sidewalks.', 'A diamond-quilted barn jacket with tartan lining. Two front patch pockets, brass-tone snap closures, corduroy collar. The fit is generous through the body and slim at the haunches.', 9200, '008 / 090', 90, 'Limited', 'live', 'dog', 'Outerwear', 'heir', 'Diamond-quilt cotton · tartan lining', 1, 6, false, 'https://images.unsplash.com/photo-1532753876631-2d5cf129df39?w=1200&q=80&auto=format&fit=crop', 'https://images.unsplash.com/photo-1706745262357-5ecaa3154433?w=1200&q=80&auto=format&fit=crop', 'Cottage Heir Quilt', '') on conflict (slug) do nothing;
insert into public.product_size_stock (product_id, size, stock_status) values ('00000000-0000-4000-8000-000000000007', 'S', 'in') on conflict (product_id, size) do nothing;
insert into public.product_size_stock (product_id, size, stock_status) values ('00000000-0000-4000-8000-000000000007', 'M', 'in') on conflict (product_id, size) do nothing;
insert into public.product_size_stock (product_id, size, stock_status) values ('00000000-0000-4000-8000-000000000007', 'L', 'low') on conflict (product_id, size) do nothing;
insert into public.product_size_stock (product_id, size, stock_status) values ('00000000-0000-4000-8000-000000000007', 'XL', 'in') on conflict (product_id, size) do nothing;
insert into public.product_size_stock (product_id, size, stock_status) values ('00000000-0000-4000-8000-000000000007', 'XXL', 'in') on conflict (product_id, size) do nothing;
insert into public.product_colorways (product_id, colorway_id) values ('00000000-0000-4000-8000-000000000007', 'ivy') on conflict (product_id, colorway_id) do nothing;
insert into public.product_colorways (product_id, colorway_id) values ('00000000-0000-4000-8000-000000000007', 'cognac') on conflict (product_id, colorway_id) do nothing;
insert into public.product_colorways (product_id, colorway_id) values ('00000000-0000-4000-8000-000000000007', 'oat') on conflict (product_id, colorway_id) do nothing;
insert into public.products (id, slug, name, line, description, price_cents, edition, edition_max, badge, status, species, category, vibe, material, drop_number, sort_order, is_featured, primary_image_path, hover_image_path, primary_image_alt, hover_image_alt) values ('00000000-0000-4000-8000-000000000008', 'paparazzi-slick', 'Paparazzi Slick', 'For the chased.', 'A glossy water-shedding raincoat with snap shoulders and a low-cut belly for streetwear silhouettes. Lined in soft jersey. Pairs with the Velvet Letterman for tunnel-walk weather.', 5400, '041 / 140', 140, 'New', 'live', 'dog', 'Outerwear', 'paparazzi', 'High-gloss PU · jersey lining', 1, 7, false, 'https://images.unsplash.com/photo-1629740067905-bd3f515aa739?w=1200&q=80&auto=format&fit=crop', 'https://images.unsplash.com/photo-1596490634801-c536934af56e?w=1200&q=80&auto=format&fit=crop', 'Paparazzi Slick', '') on conflict (slug) do nothing;
insert into public.product_size_stock (product_id, size, stock_status) values ('00000000-0000-4000-8000-000000000008', 'XS', 'in') on conflict (product_id, size) do nothing;
insert into public.product_size_stock (product_id, size, stock_status) values ('00000000-0000-4000-8000-000000000008', 'S', 'in') on conflict (product_id, size) do nothing;
insert into public.product_size_stock (product_id, size, stock_status) values ('00000000-0000-4000-8000-000000000008', 'M', 'in') on conflict (product_id, size) do nothing;
insert into public.product_size_stock (product_id, size, stock_status) values ('00000000-0000-4000-8000-000000000008', 'L', 'in') on conflict (product_id, size) do nothing;
insert into public.product_colorways (product_id, colorway_id) values ('00000000-0000-4000-8000-000000000008', 'ink') on conflict (product_id, colorway_id) do nothing;
insert into public.product_colorways (product_id, colorway_id) values ('00000000-0000-4000-8000-000000000008', 'ember') on conflict (product_id, colorway_id) do nothing;
insert into public.product_colorways (product_id, colorway_id) values ('00000000-0000-4000-8000-000000000008', 'rust') on conflict (product_id, colorway_id) do nothing;
insert into public.products (id, slug, name, line, description, price_cents, edition, edition_max, badge, status, species, category, vibe, material, drop_number, sort_order, is_featured, primary_image_path, hover_image_path, primary_image_alt, hover_image_alt) values ('00000000-0000-4000-8000-000000000009', 'court-bomber', 'Court Side Bomber', 'Tunnel-walk swagger.', 'Satin baseball bomber with chain-stitched embroidery at the chest and ribbed cuffs. Cut light to layer over the Soft Life knit; finishes flat on the back for harness compatibility.', 6800, '015 / 110', 110, 'Drop 001', 'live', 'dog', 'Outerwear', 'courtside', 'Satin · cotton embroidery · ribbed cuff', 1, 8, false, 'https://images.unsplash.com/photo-1594592237655-9f7e51330b93?w=1200&q=80&auto=format&fit=crop', 'https://images.unsplash.com/photo-1509005084666-3cbc75184cbb?w=1200&q=80&auto=format&fit=crop', 'Court Side Bomber', '') on conflict (slug) do nothing;
insert into public.product_size_stock (product_id, size, stock_status) values ('00000000-0000-4000-8000-000000000009', 'XS', 'in') on conflict (product_id, size) do nothing;
insert into public.product_size_stock (product_id, size, stock_status) values ('00000000-0000-4000-8000-000000000009', 'S', 'low') on conflict (product_id, size) do nothing;
insert into public.product_size_stock (product_id, size, stock_status) values ('00000000-0000-4000-8000-000000000009', 'M', 'in') on conflict (product_id, size) do nothing;
insert into public.product_size_stock (product_id, size, stock_status) values ('00000000-0000-4000-8000-000000000009', 'L', 'in') on conflict (product_id, size) do nothing;
insert into public.product_size_stock (product_id, size, stock_status) values ('00000000-0000-4000-8000-000000000009', 'XL', 'low') on conflict (product_id, size) do nothing;
insert into public.product_colorways (product_id, colorway_id) values ('00000000-0000-4000-8000-000000000009', 'ink') on conflict (product_id, colorway_id) do nothing;
insert into public.product_colorways (product_id, colorway_id) values ('00000000-0000-4000-8000-000000000009', 'cognac') on conflict (product_id, colorway_id) do nothing;
insert into public.product_colorways (product_id, colorway_id) values ('00000000-0000-4000-8000-000000000009', 'terracotta') on conflict (product_id, colorway_id) do nothing;
insert into public.products (id, slug, name, line, description, price_cents, edition, edition_max, badge, status, species, category, vibe, material, drop_number, sort_order, is_featured, primary_image_path, hover_image_path, primary_image_alt, hover_image_alt) values ('00000000-0000-4000-8000-000000000010', 'velvet-bowtie', 'Velvet Bowtie', 'The smallest grand gesture.', 'A hand-tied velvet bowtie on a buttery leather collar. Adjustable to three sizes. Slip it under the Soft Life knit for evenings, or pair with the Mini Mogul for tax season.', 2800, '113 / 300', 300, 'Drop 001', 'live', 'both', 'Accessory', 'mogul', 'Cotton velvet · vegetable-tan leather', 1, 9, false, 'https://images.unsplash.com/photo-1582456891925-a53965520520?w=1200&q=80&auto=format&fit=crop', 'https://images.unsplash.com/photo-1587402092301-725e37c70fd8?w=1200&q=80&auto=format&fit=crop', 'Velvet Bowtie', '') on conflict (slug) do nothing;
insert into public.product_size_stock (product_id, size, stock_status) values ('00000000-0000-4000-8000-000000000010', 'XS', 'in') on conflict (product_id, size) do nothing;
insert into public.product_size_stock (product_id, size, stock_status) values ('00000000-0000-4000-8000-000000000010', 'S', 'in') on conflict (product_id, size) do nothing;
insert into public.product_size_stock (product_id, size, stock_status) values ('00000000-0000-4000-8000-000000000010', 'M', 'low') on conflict (product_id, size) do nothing;
insert into public.product_colorways (product_id, colorway_id) values ('00000000-0000-4000-8000-000000000010', 'cognac') on conflict (product_id, colorway_id) do nothing;
insert into public.product_colorways (product_id, colorway_id) values ('00000000-0000-4000-8000-000000000010', 'ink') on conflict (product_id, colorway_id) do nothing;
insert into public.product_colorways (product_id, colorway_id) values ('00000000-0000-4000-8000-000000000010', 'ember') on conflict (product_id, colorway_id) do nothing;
insert into public.product_colorways (product_id, colorway_id) values ('00000000-0000-4000-8000-000000000010', 'ivy') on conflict (product_id, colorway_id) do nothing;
insert into public.products (id, slug, name, line, description, price_cents, edition, edition_max, badge, status, species, category, vibe, material, drop_number, sort_order, is_featured, primary_image_path, hover_image_path, primary_image_alt, hover_image_alt) values ('00000000-0000-4000-8000-000000000011', 'silken-cat-cape', 'Silken Cat Cape', 'For the perpetually attended.', 'A loose silk-blend cape with a kitten-soft fastener at the throat. Designed for cats who tolerate one (1) item of clothing on principle, and for dogs of small stature who insist on drama.', 4200, '006 / 070', 70, 'New', 'live', 'cat', 'Accessory', 'softlife', 'Silk blend · mother-of-pearl clasp', 1, 10, false, 'https://images.unsplash.com/photo-1447684808650-354ae64db5b8?w=1200&q=80&auto=format&fit=crop', 'https://images.unsplash.com/photo-1546238232-20216dec9f72?w=1200&q=80&auto=format&fit=crop', 'Silken Cat Cape', '') on conflict (slug) do nothing;
insert into public.product_size_stock (product_id, size, stock_status) values ('00000000-0000-4000-8000-000000000011', 'XXS', 'in') on conflict (product_id, size) do nothing;
insert into public.product_size_stock (product_id, size, stock_status) values ('00000000-0000-4000-8000-000000000011', 'XS', 'in') on conflict (product_id, size) do nothing;
insert into public.product_size_stock (product_id, size, stock_status) values ('00000000-0000-4000-8000-000000000011', 'S', 'low') on conflict (product_id, size) do nothing;
insert into public.product_colorways (product_id, colorway_id) values ('00000000-0000-4000-8000-000000000011', 'pearl') on conflict (product_id, colorway_id) do nothing;
insert into public.product_colorways (product_id, colorway_id) values ('00000000-0000-4000-8000-000000000011', 'blush') on conflict (product_id, colorway_id) do nothing;
insert into public.product_colorways (product_id, colorway_id) values ('00000000-0000-4000-8000-000000000011', 'oat') on conflict (product_id, colorway_id) do nothing;
insert into public.product_colorways (product_id, colorway_id) values ('00000000-0000-4000-8000-000000000011', 'ash') on conflict (product_id, colorway_id) do nothing;
insert into public.products (id, slug, name, line, description, price_cents, edition, edition_max, badge, status, species, category, vibe, material, drop_number, sort_order, is_featured, primary_image_path, hover_image_path, primary_image_alt, hover_image_alt) values ('00000000-0000-4000-8000-000000000012', 'archive-harness', 'Archive Harness', 'Hardware as jewellery.', 'A vegetable-tanned leather harness with brushed bullion buckles and a hand-pressed edition tag. Comes with a matching 1.2m leash; pairs with the Brownstone Vest for full atelier looks.', 8200, '003 / 050', 50, 'Limited', 'live', 'dog', 'Harness', 'heir', 'Veg-tan leather · brushed bullion hardware', 1, 11, false, 'https://images.unsplash.com/photo-1771498244117-a20556175afa?w=1200&q=80&auto=format&fit=crop', 'https://images.unsplash.com/photo-1658337922280-ba1d00c741cb?w=1200&q=80&auto=format&fit=crop', 'Archive Harness', '') on conflict (slug) do nothing;
insert into public.product_size_stock (product_id, size, stock_status) values ('00000000-0000-4000-8000-000000000012', 'XS', 'in') on conflict (product_id, size) do nothing;
insert into public.product_size_stock (product_id, size, stock_status) values ('00000000-0000-4000-8000-000000000012', 'S', 'in') on conflict (product_id, size) do nothing;
insert into public.product_size_stock (product_id, size, stock_status) values ('00000000-0000-4000-8000-000000000012', 'M', 'low') on conflict (product_id, size) do nothing;
insert into public.product_size_stock (product_id, size, stock_status) values ('00000000-0000-4000-8000-000000000012', 'L', 'sold') on conflict (product_id, size) do nothing;
insert into public.product_size_stock (product_id, size, stock_status) values ('00000000-0000-4000-8000-000000000012', 'XL', 'in') on conflict (product_id, size) do nothing;
insert into public.product_colorways (product_id, colorway_id) values ('00000000-0000-4000-8000-000000000012', 'cognac') on conflict (product_id, colorway_id) do nothing;
insert into public.product_colorways (product_id, colorway_id) values ('00000000-0000-4000-8000-000000000012', 'ink') on conflict (product_id, colorway_id) do nothing;
insert into public.product_colorways (product_id, colorway_id) values ('00000000-0000-4000-8000-000000000012', 'caramel') on conflict (product_id, colorway_id) do nothing;
commit;
